Security Id,State,Market Cap
ABB,Karnataka,162159.71
AEGISLOG,Gujarat,29840.27
AREandM,Andhra Pradesh,28304.87
BOMDYEING,Maharashtra,4285.60
ATUL,Gujarat,20603.34
BAJAJELEC,Maharashtra,11511.77
BAJAJHIND,Uttar Pradesh,5053.24
FORCEMOT,Maharashtra,10676.68
BAJFINANCE,Maharashtra,431613.75
BALRAMCHIN,West Bengal,9018.57
CENTURYTEX,Maharashtra,24680.84
BASF,Maharashtra,23276.64
BATAINDIA,West Bengal,19600.45
BEML,Karnataka,19448.40
BEL,Karnataka,225068.09
BLUESTARCO,Maharashtra,33774.29
CESC,West Bengal,22468.42
CHAMBLFERT,Rajasthan,19964.50
EXIDEIND,West Bengal,46690.50
CIPLA,Maharashtra,120324.22
CRISIL,Maharashtra,31424.97
CGPOWER,Maharashtra,100105.95
DABUR,NCT of Delhi,113153.22
ARVIND,Gujarat,9774.51
BHEL,NCT of Delhi,103330.23
HINDPETRO,Maharashtra,73760.97
IFCI,NCT of Delhi,18104.35
MRPL,Karnataka,37882.42
CHENNPETRO,Tamil Nadu,15663.99
SBIN,Maharashtra,796075.38
SAIL,NCT of Delhi,59039.67
TITAN,Tamil Nadu,289462.68
IDBI,Maharashtra,97427.52
DHAMPURSUG,Uttar Pradesh,1441.47
DRREDDY,Telangana,111520.44
EIDPARRY,Tamil Nadu,13655.54
PGHL,Maharashtra,8533.74
ELECTCAST,Odisha,11380.74
ESABINDIA,Tamil Nadu,10025.17
EPL,Maharashtra,7075.97
FINCABLES,Maharashtra,23292.66
UFLEX,NCT of Delhi,3868.01
GODFRYPHLP,Maharashtra,21825.49
GODREJIND,Maharashtra,29802.18
KANSAINER,Maharashtra,21975.80
GHCL,Gujarat,5047.71
HDFCBANK,Maharashtra,1222853.50
HEROMOTOCO,NCT of Delhi,108092.75
HFCL,Himachal Pradesh,16619.59
HSCL,West Bengal,19792.42
HCC,Maharashtra,7741.71
HINDOILEXP,Gujarat,3179.13
AGI,West Bengal,5046.40
HINDZINC,Rajasthan,274117.57
INFY,Karnataka,753406.33
INGERRAND,Karnataka,13085.09
IONEXCHANG,Maharashtra,9116.80
JISLJALEQS,Maharashtra,4655.59
JSWSTEEL,Maharashtra,220213.13
KAJARIACER,Haryana,21984.02
WHIRLPOOL,Maharashtra,25576.09
KIRLOSBROS,Maharashtra,17258.74
KIRLFER,Maharashtra,10176.38
KOTAKBANK,Maharashtra,361807.14
KSB,Maharashtra,16818.63
LGBBROSLTD,Tamil Nadu,4458.51
TRENT,Maharashtra,184497.99
LAXMIMACH,Tamil Nadu,16592.52
LICHSGFIN,Maharashtra,43080.93
LUPIN,Maharashtra,81842.34
RAMCOCEM,Tamil Nadu,18380.00
MAHSEAMLES,Maharashtra,8588.86
MAHSCOOTER,Maharashtra,10659.43
MFSL,Punjab,35201.71
MOREPENLAB,Himachal Pradesh,2778.20
MRF,Tamil Nadu,54481.13
HEIDELBERG,Haryana,5141.85
NCC,Telangana,19629.62
VEDL,Maharashtra,165285.15
GRASIM,Madhya Pradesh,187607.26
PEL,Maharashtra,21086.67
NIITLTD,Haryana,1513.90
ONGC,NCT of Delhi,406846.23
RELIANCE,Maharashtra,2109580.68
PIDILITIND,Maharashtra,159624.50
BIRLACORPN,West Bengal,11694.42
PRSMJOHNSN,Telangana,8119.14
RAIN,Telangana,5425.26
RALLIS,Maharashtra,6213.28
PATANJALI,Maharashtra,56816.90
JINDALSAW,Uttar Pradesh,17201.17
JKLAKSHMI,Rajasthan,9943.71
SHREECEM,Rajasthan,99896.05
RELINFRA,Maharashtra,7247.22
TATAPOWER,Maharashtra,133932.66
SUNDRMFAST,Tamil Nadu,29197.34
SUNFLAG,Maharashtra,4685.71
SPLPETRO,Maharashtra,16428.23
TATAELXSI,Karnataka,43275.90
ACC,Gujarat,49351.43
THERMAX,Maharashtra,57862.30
TIRUMALCHM,Maharashtra,3051.17
TORNTPHARM,Gujarat,100598.39
AMBUJACEM,Gujarat,166630.30
HINDALCO,Maharashtra,148967.98
WSTCSTPAPR,Karnataka,4358.57
PGHH,Maharashtra,54717.76
FEDERALBNK,Kerala,47244.27
TATASTEEL,Maharashtra,199922.33
SKFINDIA,Maharashtra,27937.39
ASHOKLEY,Tamil Nadu,66744.99
CUMMINSIND,Maharashtra,99792.00
TATACOMM,Maharashtra,51442.50
ABBOTINDIA,Maharashtra,59180.47
BAJAJHLDNG,Maharashtra,108218.47
BHARATFORG,Maharashtra,74726.88
ESCORTS,Haryana,43645.71
LT,Maharashtra,502046.41
MandM,Maharashtra,345955.94
BOSCHLTD,Karnataka,101174.98
BPCL,Maharashtra,134167.16
SIEMENS,Maharashtra,247630.00
TATAMOTORS,Maharashtra,333511.42
VOLTAS,Maharashtra,49042.08
GESHIP,Maharashtra,19378.27
DEEPAKFERT,Maharashtra,9551.15
GLAXO,Maharashtra,43268.84
GNFC,Gujarat,9886.90
SANOFI,Maharashtra,14736.90
PFIZER,Maharashtra,23225.89
GSFC,Gujarat,9683.00
HINDUNILVR,Maharashtra,641156.46
AKZOINDIA,West Bengal,12967.15
NOCIL,Maharashtra,4932.71
TATACHEM,Maharashtra,26734.12
NESTLEIND,NCT of Delhi,250815.84
TATACONSUM,West Bengal,113711.31
ASIANPAINT,Maharashtra,281375.88
BRITANNIA,West Bengal,141575.16
COLPAL,Maharashtra,84311.47
EIHOTEL,West Bengal,25014.57
INDHOTEL,Maharashtra,81605.37
CASTROLIND,Maharashtra,24881.37
ITC,West Bengal,593116.65
APOLLOTYRE,Kerala,33466.64
CEATLTD,Maharashtra,10979.17
FINPIPE,Maharashtra,19973.15
TATAINVEST,Maharashtra,31948.91
BBTC,Maharashtra,15219.69
GREAVESCOT,Maharashtra,3602.30
BORORENEW,Maharashtra,6182.27
BALKRISIND,Maharashtra,60160.31
KESORAMIND,West Bengal,6439.57
VTL,Punjab,15372.53
PHOENIXLTD,Maharashtra,70635.71
SWANENERGY,Maharashtra,21913.77
SRF,NCT of Delhi,70335.68
BBL,Maharashtra,4916.86
ZENSARTECH,Maharashtra,17492.24
CHOLAHLDNG,Tamil Nadu,27775.10
EICHERMOT,NCT of Delhi,133064.99
GMMPFAUDLR,Gujarat,6380.55
KIRLPNU,Maharashtra,8646.82
NESCO,Maharashtra,6404.11
WESTLIFE,Maharashtra,13294.34
ZEEL,Maharashtra,13408.85
ELECON,Gujarat,15116.70
GABRIEL,Maharashtra,6817.34
SCHAEFFLER,Maharashtra,60895.13
GRINDWELL,Maharashtra,28830.93
BAYERCROP,Maharashtra,29657.74
COROMANDEL,Telangana,46959.59
DEEPAKNTR,Gujarat,38203.69
PCBL,West Bengal,10484.02
SUDARSCHEM,Maharashtra,6171.96
UNICHEMLAB,Maharashtra,3674.48
ALKYLAMINE,Maharashtra,10336.39
ASTRAZEN,Karnataka,15944.38
JBCHEPHARM,Maharashtra,27836.69
TI,Maharashtra,4707.34
SDBL,NCT of Delhi,2130.57
WIPRO,Karnataka,294057.27
GILLETTE,Maharashtra,25335.01
VIPIND,Maharashtra,6632.25
APOLLOHOSP,Tamil Nadu,92423.34
TVSSRICHAK,Tamil Nadu,3298.01
BERGEPAINT,West Bengal,61111.03
GRAPHITE,West Bengal,10434.03
ITDCEM,Maharashtra,8640.92
GARFIBRES,Maharashtra,7469.66
HEG,Madhya Pradesh,7908.99
SUPREMEIND,Maharashtra,73037.91
VSTIND,Telangana,7330.51
CANFINHOME,Karnataka,11520.49
SHRIRAMFIN,Tamil Nadu,106228.86
CHOLAFIN,Tamil Nadu,119902.42
VAKRANGEE,Maharashtra,2192.13
UPL,Gujarat,41720.70
SUNTECK,Maharashtra,8825.07
JAICORPLTD,Maharashtra,6518.76
LLOYDSME,Maharashtra,37546.77
SEQUENT,Maharashtra,3471.53
AVANTIFEED,Andhra Pradesh,8413.85
ADANIENT,Gujarat,345460.24
NAVA,Telangana,12104.10
SBCL,Himachal Pradesh,3690.13
CARBORUNIV,Tamil Nadu,32683.40
MMTC,NCT of Delhi,13128.00
HINDCOPPER,West Bengal,29977.74
NLCINDIA,Tamil Nadu,38499.97
WELSPUNLIV,Gujarat,16656.80
GANECOS,Uttar Pradesh,3630.58
ASAHIINDIA,NCT of Delhi,15059.42
ANANTRAJ,Haryana,16140.66
USHAMART,West Bengal,11284.59
HONAUT,Maharashtra,47422.04
HBLPOWER,Telangana,16573.49
MOTHERSON,Maharashtra,131866.50
HAVELLS,NCT of Delhi,111403.52
SYMPHONY,Gujarat,7677.33
TTKPRESTIG,Tamil Nadu,12191.80
RAJRATAN,Madhya Pradesh,2952.33
KEI,NCT of Delhi,37105.93
HNDFDS,Maharashtra,6626.35
CCL,Andhra Pradesh,8011.68
JAMNAAUTO,Haryana,4982.78
TVSHLTD,Tamil Nadu,25731.37
RATNAMANI,Gujarat,24576.36
VESUVIUS,West Bengal,10571.01
ICIL,Maharashtra,7507.25
TRIDENT,Punjab,18900.90
ALOKINDS,Dadra and Nagar Haveli,12681.22
ELGIEQUIP,Tamil Nadu,21098.22
TIMKEN,Karnataka,29126.57
PRAJIND,Maharashtra,12776.85
HLEGLAS,Gujarat,2962.72
KPIL,Gujarat,21504.62
SAFARI,Maharashtra,10275.50
DCMSHRIRAM,NCT of Delhi,15402.42
3MINDIA,Karnataka,42303.94
JMFINANCIL,Maharashtra,9028.87
RIIL,Maharashtra,1895.05
LINDEINDIA,West Bengal,69561.65
SCI,Maharashtra,14297.70
ITI,Karnataka,28480.69
NFL,NCT of Delhi,7233.58
PIIND,Rajasthan,58282.52
MASTEK,Gujarat,8359.78
POONAWALLA,Maharashtra,31426.01
POLYPLEX,Uttarakhand,3202.03
IOLCP,Punjab,2378.16
VINATIORGA,Maharashtra,19680.92
AARTIIND,Gujarat,24821.55
GAEL,Gujarat,6196.64
RCF,Maharashtra,11960.60
AARTIDRUGS,Maharashtra,4799.93
MARKSANS,Maharashtra,8383.53
IPCALAB,Maharashtra,30697.60
NEULANDLAB,Telangana,10458.16
SUNPHARMA,Gujarat,380285.30
HIKAL,Maharashtra,4165.72
CAPLIPOINT,Tamil Nadu,11419.03
AUROPHARMA,Telangana,78298.98
NATCOPHARM,Telangana,21849.61
MPHASIS,Karnataka,54233.62
NMDC,Telangana,67711.65
BLUEDART,Maharashtra,19489.18
CONFIPET,Maharashtra,2546.78
LAOPALA,West Bengal,3526.47
STYLAMIND,Chandigarh,3295.04
GUJALKALI,Gujarat,5668.60
INDIACEM,Tamil Nadu,10561.30
JKTYRE,Rajasthan,11594.38
JUBLPHARMA,Uttar Pradesh,11279.49
SANGHVIMOV,Maharashtra,4699.35
PRIVISCL,Maharashtra,5870.54
GENUSPOWER,Uttar Pradesh,10447.64
RELAXO,NCT of Delhi,20465.24
SHILPAMED,Karnataka,6076.24
KRBL,NCT of Delhi,7026.92
IOC,Maharashtra,235259.83
BALAMINES,Maharashtra,7399.90
PATELENG,Maharashtra,4974.22
EMAMILTD,West Bengal,34698.30
MANAPPURAM,Kerala,18761.23
ZYDUSWELL,Gujarat,13654.82
CONCOR,NCT of Delhi,62431.35
CHOICEIN,Maharashtra,7570.42
RAJESHEXPO,Karnataka,8947.85
EVEREADY,West Bengal,2840.98
HATSUN,Tamil Nadu,27563.98
JINDWORLD,Gujarat,7619.78
SOMANYCERA,West Bengal,3114.22
CGCL,Maharashtra,17534.10
FDC,Maharashtra,7853.96
MARICO,Maharashtra,86501.02
APOLLOPIPE,NCT of Delhi,2543.22
POLYMED,NCT of Delhi,20016.28
BANKBARODA,Gujarat,130163.19
WELCORP,Gujarat,16512.30
BANKINDIA,Maharashtra,55132.81
GAIL,NCT of Delhi,145967.21
VAIBHAVGBL,Rajasthan,5222.81
JKPAPER,Gujarat,9774.52
SAREGAMA,West Bengal,10200.59
ICICIBANK,Gujarat,874625.45
CYIENT,Telangana,20915.55
ENGINERSIN,NCT of Delhi,15034.63
GMDCLTD,Gujarat,12702.51
INDUSINDBK,Maharashtra,111653.59
JandKBANK,Jammu and Kashmir,12157.05
CUB,Tamil Nadu,11587.81
AXISBANK,Gujarat,402017.65
SOUTHBANK,Kerala,7142.13
SONATSOFTW,Maharashtra,19153.01
NATIONALUM,Odisha,34124.62
APARINDS,Gujarat,32548.39
HCLTECH,NCT of Delhi,434620.60
JINDALSTEL,Haryana,97520.42
GLENMARK,Maharashtra,39816.75
MAHLIFE,Maharashtra,9279.77
ZYDUSLIFE,Gujarat,116270.34
AJANTPHARM,Maharashtra,29149.71
TVSMOTOR,Tamil Nadu,114161.06
SUBEXLTD,Karnataka,1816.96
TCI,Telangana,7550.10
TRIVENI,Uttar Pradesh,8679.30
TTML,Maharashtra,21308.71
STLTECH,Maharashtra,6832.08
IOB,Tamil Nadu,124132.14
BSOFT,Maharashtra,20486.51
GODREJCP,Maharashtra,147695.26
UNITDSPR,Karnataka,94828.37
OLECTRA,Telangana,14234.44
CERA,Gujarat,11468.77
BHARTIARTL,Haryana,827886.86
PNB,NCT of Delhi,128938.99
OFSS,Maharashtra,94759.12
KAMAHOLD,NCT of Delhi,8767.31
APTECHT,Maharashtra,1198.72
UNIONBANK,Maharashtra,103702.53
UBL,Karnataka,54570.58
GRANULES,Telangana,12416.55
CANBK,Karnataka,102997.25
DIVISLAB,Telangana,120347.53
ASTRAMICRO,Telangana,8544.58
RADICO,Uttar Pradesh,22174.68
MARUTI,NCT of Delhi,394801.60
NAVINFLUOR,Maharashtra,17841.14
UCOBANK,West Bengal,66475.13
JSL,Haryana,63190.37
SUPRAJIT,Karnataka,7193.05
IGL,NCT of Delhi,37086.04
PETRONET,NCT of Delhi,51450.00
BIOCON,Karnataka,40742.36
PTC,NCT of Delhi,6179.17
MAHABANK,Maharashtra,46758.31
RKFORGE,West Bengal,15535.90
DATAMATICS,Maharashtra,3885.42
STAR,Maharashtra,8740.82
ULTRACEMCO,Maharashtra,330808.15
UNOMINDA,NCT of Delhi,55122.54
TCS,Maharashtra,1563809.79
COFORGE,NCT of Delhi,40262.37
CENTURYPLY,West Bengal,15304.39
WELENT,Gujarat,6504.76
NTPC,NCT of Delhi,361346.26
JBMA,Haryana,23071.20
DWARKESH,Uttar Pradesh,1371.23
INDOCO,Maharashtra,3057.68
JPPOWER,Madhya Pradesh,12322.52
GOKEX,Karnataka,6485.29
IIFL,Maharashtra,20019.69
SHOPERSTOP,Maharashtra,8653.41
JKCEMENT,Uttar Pradesh,33194.13
YESBANK,Maharashtra,78621.18
KTKBANK,Karnataka,8447.08
IDFC,Tamil Nadu,18223.82
SUZLON,Gujarat,74037.62
RENUKA,Karnataka,10095.43
AIAENG,Gujarat,40864.30
PVRINOX,Maharashtra,13844.98
GSPL,Gujarat,17846.01
KEC,Maharashtra,22549.22
MandMFIN,Maharashtra,35867.43
SOLARINDS,Maharashtra,98273.10
SUNTV,Tamil Nadu,31288.35
GPIL,Chhattisgarh,15021.24
ALLCARGO,Maharashtra,6289.81
GMRINFRA,Haryana,56146.36
TECHM,Maharashtra,146843.70
CIEINDIA,Maharashtra,22116.83
VOLTAMP,Gujarat,11645.06
ACE,Haryana,16351.31
DCBBANK,Maharashtra,4143.82
NAUKRI,NCT of Delhi,88652.06
TORNTPOWER,Gujarat,73097.01
LTFOODS,NCT of Delhi,9905.39
SOBHA,Karnataka,19958.65
TANLA,Telangana,13117.23
LUMAXTECH,NCT of Delhi,3727.89
NETWORK18,Maharashtra,8375.59
TV18BRDCST,Maharashtra,7068.31
REDINGTON,Tamil Nadu,15709.76
FSL,Maharashtra,17417.80
PFC,NCT of Delhi,177891.99
AHLUCONT,NCT of Delhi,9365.20
INDIANB,Tamil Nadu,75551.21
IDEA,Gujarat,109081.37
PAGEIND,Karnataka,44977.66
ASTRAL,Gujarat,60381.98
EMBDL,Haryana,8327.12
CAMLINFINE,Maharashtra,1899.40
ICRA,NCT of Delhi,5822.25
DISHTV,Maharashtra,2752.67
FORTIS,Punjab,36966.53
DELTACORP,Maharashtra,3622.94
TIMETECHNO,Daman and Diu,7378.60
HGS,Maharashtra,4088.67
DLF,Haryana,202282.47
SPARC,Gujarat,7236.83
CENTRALBK,Maharashtra,55193.41
KPRMILL,Tamil Nadu,28678.19
MOTILALOFS,Maharashtra,31640.33
POWERGRID,NCT of Delhi,311570.23
KSCL,Telangana,4942.78
PAISALO,NCT of Delhi,6486.57
RELIGARE,NCT of Delhi,7763.54
ADANIPORTS,Gujarat,320067.79
EDELWEISS,Maharashtra,5753.44
JYOTHYLAB,Maharashtra,18285.15
ECLERX,Maharashtra,12053.62
BRIGADE,Karnataka,29388.92
RPOWER,Maharashtra,10885.99
JKIL,Maharashtra,6159.17
KNRCON,Telangana,9709.62
IRB,Maharashtra,40642.47
VGUARD,Kerala,19452.12
RECLTD,NCT of Delhi,158401.59
DHANI,Haryana,3329.85
TITAGARH,West Bengal,21480.47
KIRIINDUS,Gujarat,1742.41
BAJAJ-AUTO,Maharashtra,265220.77
BAJAJFINSV,Maharashtra,263449.25
ZFCVINDIA,Tamil Nadu,28698.05
ISGEC,Haryana,10111.41
MOLDTKPAC,Telangana,2611.79
MHRIL,Maharashtra,8919.45
ADANIPOWER,Gujarat,266765.18
NHPC,Haryana,106427.14
GLOBUSSPR,NCT of Delhi,2411.29
OIL,Assam,92806.11
RTNPOWER,NCT of Delhi,8189.41
JSWENERGY,Maharashtra,122789.47
GODREJPROP,Maharashtra,91490.47
JUBLFOOD,Uttar Pradesh,37304.35
DBREALTY,Maharashtra,10618.54
MANINFRA,Maharashtra,7161.42
PERSISTENT,Maharashtra,71017.05
SJVN,Himachal Pradesh,55744.14
BAJAJCON,Rajasthan,3824.81
GPPL,Gujarat,10345.61
WABAG,Tamil Nadu,7654.40
ASHOKA,Maharashtra,6230.65
JWL,Madhya Pradesh,26172.43
OBEROIRLTY,Maharashtra,60936.10
PRESTIGE,Karnataka,70285.08
COALINDIA,West Bengal,302343.45
GRAVITA,Rajasthan,9281.11
MOIL,Maharashtra,10004.35
KIRLOSENG,Maharashtra,17958.27
TEXRAIL,West Bengal,10569.90
FCL,Maharashtra,4009.69
ZENTEC,Telangana,11407.75
MUTHOOTFIN,Kerala,73682.68
LTF,Maharashtra,44480.98
TDPOWERSYS,Karnataka,5664.78
APLLTD,Gujarat,21386.07
PGEL,NCT of Delhi,9130.33
TRITURBINE,Uttar Pradesh,19160.03
APLAPOLLO,NCT of Delhi,41661.99
RHIM,Maharashtra,12121.63
MCX,Maharashtra,19732.03
SCHNEIDER,Gujarat,18202.99
NBCC,NCT of Delhi,31203.00
RTNINDIA,NCT of Delhi,10275.79
JTLIND,Chandigarh,3734.28
CIGNITITEC,Telangana,3682.51
CARERATING,Maharashtra,3003.86
INDUSTOWER,Haryana,110492.41
VMART,NCT of Delhi,6251.07
REPCOHOME,Tamil Nadu,3348.91
JUSTDIAL,Maharashtra,10332.82
ORIENTCEM,Odisha,6636.72
ABFRL,Maharashtra,31850.44
IBULHSGFIN,NCT of Delhi,12462.52
WONDERLA,Karnataka,5063.31
SHARDACROP,Maharashtra,4478.55
INTELLECT,Tamil Nadu,15039.82
MINDACORP,NCT of Delhi,11289.33
GREENLAM,NCT of Delhi,7112.88
INOXWIND,Himachal Pradesh,19974.12
VRLLOG,Karnataka,5037.75
PNCINFRA,NCT of Delhi,13054.00
ADANIENSOL,Gujarat,112675.92
SYNGENE,Karnataka,30441.86
POWERMECH,Telangana,9492.32
GUJGASLTD,Gujarat,42872.94
IDFCFIRSTB,Tamil Nadu,54163.50
INDIGO,NCT of Delhi,164656.22
ALKEM,Maharashtra,62132.55
LALPATHLAB,NCT of Delhi,24982.75
NH,Karnataka,25581.89
TEAMLEASE,Karnataka,4851.24
BESTAGRO,NCT of Delhi,1391.73
INFIBEAM,Gujarat,7989.91
CROMPTON,Maharashtra,27620.62
MGL,Maharashtra,16912.73
QUESS,Karnataka,8992.99
LLOYDSENGG,Maharashtra,9282.95
LTIM,Maharashtra,171241.66
DBL,Madhya Pradesh,7417.49
RBLBANK,Maharashtra,14629.83
BLS,NCT of Delhi,14215.35
LTTS,Maharashtra,51477.49
ICICIPRULI,Maharashtra,92311.16
ENDURANCE,Maharashtra,36670.80
PNBHOUSING,NCT of Delhi,20357.50
VBL,NCT of Delhi,202699.71
SFL,Maharashtra,10868.65
TCIEXP,Telangana,4477.44
LAURUSLABS,Andhra Pradesh,24076.16
PRICOLLTD,Tamil Nadu,5836.90
DMART,Maharashtra,328083.34
HUDCO,NCT of Delhi,62699.51
STARCEMENT,Meghalaya,8277.61
TEJASNET,Karnataka,23922.33
ERIS,Gujarat,13689.15
AUBANK,Rajasthan,46930.50
SIS,Bihar,6335.95
COCHINSHIP,Kerala,66809.36
KIOCL,Karnataka,27281.95
ABCAPITAL,Gujarat,56597.94
DIXON,Uttar Pradesh,67978.95
DCAL,Gujarat,2503.04
ICICIGI,Maharashtra,92718.63
SBILIFE,Maharashtra,164889.60
SHAREINDIA,Gujarat,5937.94
GODREJAGRO,Maharashtra,15385.66
MASFIN,Gujarat,5249.45
IEX,NCT of Delhi,15317.82
GICRE,Maharashtra,68816.34
TIINDIA,Tamil Nadu,77520.12
NAM-INDIA,Maharashtra,40401.28
MAHLOG,Maharashtra,3698.34
NIACL,Maharashtra,44051.04
HDFCLIFE,Maharashtra,137662.68
NEWGEN,NCT of Delhi,14178.59
AMBER,Punjab,14165.86
GALAXYSURF,Maharashtra,9913.33
ASTERDM,Karnataka,15984.42
HGINFRA,Rajasthan,11041.62
BDL,Telangana,54097.29
BANDHANBNK,West Bengal,31027.29
HAL,Karnataka,324362.56
ISEC,Maharashtra,25080.20
MIDHANI,Telangana,8896.78
LEMONTREE,NCT of Delhi,11154.83
ORIENTELEC,Odisha,5761.95
ADANIGREEN,Gujarat,274156.42
RITES,NCT of Delhi,17508.40
FINEORG,Maharashtra,15865.00
VARROC,Maharashtra,9586.58
TCNSBRANDS,Maharashtra,3427.48
HDFCAMC,Maharashtra,86772.75
CREDITACC,Karnataka,20564.89
IRCON,NCT of Delhi,29301.77
AAVAS,Rajasthan,13780.99
GRSE,West Bengal,28695.28
ATGL,Gujarat,97833.61
DALBHARAT,Tamil Nadu,34733.82
KPIGREEN,Gujarat,12259.67
CHALET,Maharashtra,16723.93
ARVINDFASN,Gujarat,6440.95
MSTCLTD,West Bengal,6008.29
RVNL,NCT of Delhi,124371.45
METROPOLIS,Maharashtra,10284.70
KPITTECH,Maharashtra,50572.68
POLYCAB,Gujarat,95780.17
NEOGEN,Maharashtra,4123.19
INDIAMART,NCT of Delhi,16989.39
AFFLE,NCT of Delhi,19146.95
SPANDANA,Telangana,5087.98
SWSOLAR,Maharashtra,15479.14
360ONE,Maharashtra,35005.76
FLUOROCHEM,Gujarat,35265.69
IRCTC,NCT of Delhi,79360.00
GREENPANEL,West Bengal,3894.03
CSBBANK,Kerala,6263.71
UJJIVANSFB,Karnataka,8369.64
HINDWAREAP,West Bengal,3042.23
PRINCEPIPE,Goa,7457.90
SUMICHEM,Maharashtra,25186.89
SUVENPHAR,Maharashtra,21281.63
SBICARD,NCT of Delhi,68694.52
POWERINDIA,Karnataka,48965.46
BOROLTD,Maharashtra,4199.33
ROSSARI,Maharashtra,4392.17
MAXHEALTH,Maharashtra,87161.10
HAPPSTMNDS,Karnataka,12487.30
ROUTE,Maharashtra,11300.99
CAMS,Tamil Nadu,20079.76
ANGELONE,Maharashtra,18883.36
MAZDOCK,Maharashtra,102925.43
UTIAMC,Maharashtra,12737.38
EQUITASBNK,Tamil Nadu,10213.91
GLAND,Telangana,32738.64
RBA,Maharashtra,5420.16
BECTORFOOD,Punjab,8458.25
IRFC,NCT of Delhi,267708.35
INDIGOPNTS,Maharashtra,6969.33
HOMEFIRST,Maharashtra,9658.36
RAILTEL,NCT of Delhi,16672.75
MTARTECH,Telangana,5820.64
JUBLINGREA,Uttar Pradesh,9204.86
EASEMYTRIP,NCT of Delhi,7151.96
ANURAS,Gujarat,8617.63
CRAFTSMAN,Tamil Nadu,12310.67
LXCHEM,Maharashtra,7057.78
KALYANKJIL,Kerala,53591.90
SURYODAY,Maharashtra,1916.01
NAZARA,Maharashtra,6993.99
BARBEQUE,Karnataka,2102.47
LODHA,Maharashtra,141396.53
SHYAMMETL,West Bengal,18338.96
SONACOMS,Haryana,40477.51
KIMS,Telangana,16958.69
GRINFRA,Gujarat,16389.75
CLEAN,Maharashtra,15286.76
ZOMATO,NCT of Delhi,191369.04
GLS,Maharashtra,10317.40
ROLEXRINGS,Gujarat,6187.27
DEVYANI,NCT of Delhi,20865.47
MOL,Gujarat,2010.35
EPIGRAL,Gujarat,5883.09
CARTRADE,Maharashtra,3922.33
NUVOCO,Maharashtra,12080.81
APTUS,Tamil Nadu,16141.81
CHEMPLASTS,Tamil Nadu,8094.42
AMIORG,Gujarat,5439.01
VIJAYA,Telangana,7807.15
SANSERA,Karnataka,7376.44
ABSLAMC,Maharashtra,19533.16
NYKAA,Maharashtra,50765.91
POLICYBZR,Haryana,64599.53
PAYTM,NCT of Delhi,29488.12
SAPPHIRE,Maharashtra,9755.11
LATENTVIEW,Tamil Nadu,10774.72
GOCOLORS,Tamil Nadu,5653.39
STARHEALTH,Tamil Nadu,34718.65
TEGA,West Bengal,11558.21
ANANDRATHI,Maharashtra,15809.42
RATEGAIN,NCT of Delhi,9274.69
MAPMYINDIA,NCT of Delhi,12319.22
METROBRAND,Maharashtra,36239.18
MEDPLUS,Telangana,8020.42
DATAPATTNS,Tamil Nadu,17977.57
CMSINFO,Maharashtra,8399.35
AWL,Gujarat,41609.21
MANYAVAR,West Bengal,25257.87
EUREKAFORBE,Maharashtra,9205.42
GATEWAY,Maharashtra,5433.63
MSUMI,Maharashtra,31889.45
CAMPUS,NCT of Delhi,8908.80
RAINBOW,Telangana,11800.59
LICI,Maharashtra,685313.50
VENUSPIPES,Gujarat,4270.10
DELHIVERY,NCT of Delhi,27664.54
PARADEEP,Odisha,7130.13
AETHER,Gujarat,11883.13
SYRMA,Maharashtra,8002.87
DREAMFOLKS,NCT of Delhi,2481.35
TMB,Tamil Nadu,7341.17
PPLPHARMA,Maharashtra,19581.30
FUSION,NCT of Delhi,4396.05
BIKAJI,Rajasthan,17351.49
MEDANTA,NCT of Delhi,32453.14
ACI,Tamil Nadu,8410.74
FIVESTAR,Tamil Nadu,22146.73
KAYNES,Karnataka,25343.20
SULA,Maharashtra,4131.36
KFINTECH,Telangana,12801.03
AARTIPHARM,Gujarat,5266.28
NSLNISP,Chhattisgarh,16701.52
TATAMTRDVR,Maharashtra,34832.45
AIRTELPP,,41278.47
IBULPP,,1664.74
ASIANHOTNR,NCT of Delhi,330.70
BANCOINDIA,Gujarat,4854.69
BANARISUG,Tamil Nadu,3924.93
BEPL,Maharashtra,3430.51
BINANIIND,West Bengal,48.18
BIRLACABLE,Madhya Pradesh,815.70
DISAQ,Karnataka,2650.00
OAL,Maharashtra,1512.73
CENTEXT,West Bengal,218.08
DICIND,West Bengal,476.39
DALMIASUG,Tamil Nadu,3244.45
MTNL,NCT of Delhi,4436.46
DCW,Gujarat,1516.51
DIAMINESQ,Gujarat,561.80
ELANTAS,Maharashtra,8720.33
ESTER,Uttarakhand,1052.28
COCKERILL,Maharashtra,2883.66
FOSECOIND,Maharashtra,2746.34
GANESHBE,Maharashtra,1147.15
GOODYEAR,Haryana,2763.14
GFLLIMITED,Maharashtra,834.86
HCL-INSYS,NCT of Delhi,558.01
NDLVENTURE,Maharashtra,321.90
HLVLTD,Maharashtra,1477.40
IGPL,Goa,1804.58
INDIAGLYCO,Uttarakhand,3157.61
INDORAMA,Maharashtra,1156.73
ATFL,Telangana,1997.43
JINDALPOLY,Uttar Pradesh,3371.55
UMANGDAIRY,Uttar Pradesh,317.40
KAKATCEM,Telangana,182.49
KSL,Maharashtra,4054.50
KIRLOSIND,Maharashtra,5662.04
LYKALABS,Gujarat,378.38
HYBRIDFIN,Maharashtra,33.06
MANALIPETC,Tamil Nadu,1606.30
MIRCELECTR,Maharashtra,472.30
CENTENKA,Maharashtra,1213.25
SPICEJET,NCT of Delhi,4470.84
NAHARSPING,Punjab,1074.21
NIRLON,Maharashtra,3851.19
ORIENTHOT,Tamil Nadu,2310.18
OSWALAGRO,Punjab,572.38
PILITA,Rajasthan,288.58
PIXTRANS,Maharashtra,2012.92
SURYAROSNI,Haryana,6466.51
PRIMESECU,Maharashtra,811.19
PRUDMOULI,Telangana,70.95
PUNJCOMMU,Punjab,81.90
RSWM,Rajasthan,993.37
RAJSREESUG,Tamil Nadu,245.83
RAMANEWS,Gujarat,299.03
WELSPLSOL,Gujarat,2533.83
SPMLINFRA,NCT of Delhi,1044.51
SWARAJENG,Chandigarh,3630.21
THOMASCOOK,Maharashtra,11359.69
TIMEX,NCT of Delhi,1554.63
TOKYOPLAST,Daman and Diu,110.22
UNIENTER,Gujarat,1127.69
VHL,Punjab,1307.57
HOCL,Kerala,339.36
PASUPTAC,Uttar Pradesh,344.59
MUKANDLTD,Maharashtra,2517.11
UCAL,Tamil Nadu,364.87
HARRMALAYA,Kerala,421.34
HINDMOTORS,West Bengal,635.16
EXCELINDUS,Maharashtra,1483.34
GRWRHITECH,Maharashtra,5311.04
NOVARTIND,Maharashtra,2896.85
TNPETRO,Tamil Nadu,917.53
ZUARIIND,Goa,1099.52
MODIRUBBER,Uttar Pradesh,257.42
CENTRUM,Maharashtra,1571.36
IITL,Maharashtra,435.51
MOTOGENFIN,NCT of Delhi,149.91
SHAILY,Gujarat,3766.87
COASTCORP,Andhra Pradesh,370.28
SAGCEM,Telangana,3089.27
DECCANCE,Telangana,901.94
MANGLMCEM,Rajasthan,2486.44
NCLIND,Telangana,1008.92
SAURASHCEM,Gujarat,1395.61
SHREDIGCEM,Gujarat,1583.15
ANDHRAPAP,Andhra Pradesh,2249.19
ORIENTPPR,Odisha,1167.02
SESHAPAPER,Tamil Nadu,2191.93
DCM,NCT of Delhi,183.66
PENINLAND,Maharashtra,1974.14
MARATHON,Maharashtra,2867.66
RELCHEMQ,Rajasthan,176.44
RUBYMILLS,Maharashtra,765.61
BANSWRAS,Rajasthan,550.28
SIYSIL,Maharashtra,2225.18
ELPROINTL,Maharashtra,1643.95
HIRECT,Maharashtra,1201.54
NIPPOBATRY,Tamil Nadu,428.59
NELCO,Maharashtra,1814.41
PERMAGN,Dadra and Nagar Haveli,907.05
UNIVCABLES,Madhya Pradesh,2999.24
WSI,Tamil Nadu,819.09
DELTAMAGNT,Maharashtra,102.54
RELTD,Karnataka,1099.20
SARDAEN,Maharashtra,9590.06
INDIANHUME,Maharashtra,2202.62
ORIENTCER,Maharashtra,594.25
NATIONSTD,Maharashtra,9302.20
SANDUMA,Karnataka,8449.31
AUTOAXLES,Karnataka,3022.15
ACGL,Goa,1299.92
TALBROAUTO,Haryana,2184.56
SMLISUZU,Punjab,2881.38
DYNAMATECH,Karnataka,4637.57
MANUGRAPH,Maharashtra,64.21
TEXINFRA,West Bengal,1634.25
WENDT,Karnataka,3099.10
RESPONIND,Maharashtra,7293.08
DOLATALGO,Gujarat,2165.68
SVPGLOB,Maharashtra,90.83
BHARATGEAR,Haryana,165.45
GRAUWEIL,Maharashtra,3884.38
HERCULES,Maharashtra,1963.84
IFBIND,West Bengal,6314.25
FMGOETZE,NCT of Delhi,2316.80
RANEHOLDIN,Tamil Nadu,2481.63
WPIL,West Bengal,4404.95
KENNAMET,Karnataka,6907.87
PRAKASH,Haryana,3236.90
GENESYS,Maharashtra,2460.66
KANANIIND,Maharashtra,59.36
ARIHANTSUP,Maharashtra,1505.22
BLISSGVS,Maharashtra,1144.79
STYRENIX,Gujarat,4352.44
ALEMBICLTD,Gujarat,3607.78
AMNPLST,Assam,1447.03
MODISONLTD,Maharashtra,476.53
HEUBACHIND,Maharashtra,1088.77
DMCC,Maharashtra,728.25
GOCLCORP,Telangana,2213.42
KANORICHEM,West Bengal,538.30
OCCL,Gujarat,376.93
PUNJABCHEM,Punjab,1652.08
SADHNANIQ,Maharashtra,1984.37
ULTRAMAR,Maharashtra,1299.40
TRANSPEK,Gujarat,958.96
TUTIALKA,Tamil Nadu,1048.03
PRIMO,Chandigarh,879.95
TANFACIND,Tamil Nadu,2079.19
GUJTHEM,Gujarat,3387.37
SAKHTISUG,Tamil Nadu,448.30
WALCHANNAG,Maharashtra,1746.43
GMBREW,Maharashtra,1806.05
RANASUG,Chandigarh,384.84
ASALCBR,Madhya Pradesh,1186.90
FOODSIN,Maharashtra,857.28
DHANUKA,Haryana,7787.66
TTKHLTCARE,Tamil Nadu,2048.90
TGVSL,Andhra Pradesh,1004.50
KANPRPLA,Uttar Pradesh,230.55
JAGSNPHARM,NCT of Delhi,926.13
KHAICHEM,Madhya Pradesh,724.51
FIBERWEB,Daman and Diu,120.75
HAWKINCOOK,Maharashtra,4507.89
ISTLTD,Haryana,1119.64
COSMOFIRST,NCT of Delhi,2165.08
EVERESTIND,Maharashtra,1886.77
AYMSYNTEX,Dadra and Nagar Haveli,568.95
NAVNETEDUL,Maharashtra,3419.21
RUCHINFRA,Maharashtra,332.18
LANCORHOL,Tamil Nadu,311.18
VISAKAIND,Telangana,927.99
GUFICBIO,Maharashtra,3452.55
PTL,Kerala,562.07
BENARAS,Uttar Pradesh,1046.50
GOACARBON,Goa,679.88
HINDCOMPOS,Maharashtra,813.77
HIL,Telangana,2251.52
INDIANCARD,Maharashtra,160.59
INTLCONV,West Bengal,530.96
JAYSREETEA,West Bengal,339.31
HUHTAMAKI,Maharashtra,2816.21
SHALPAINTS,Haryana,1216.74
JINDRILL,Maharashtra,1773.50
SATINDLTD,Maharashtra,1016.75
SHIVATEX,Tamil Nadu,237.35
IVC,Maharashtra,397.57
VLSFINANCE,NCT of Delhi,1179.38
CREST,Maharashtra,1177.39
INDBANK,Tamil Nadu,218.30
CAPTRUST,NCT of Delhi,219.98
MONARCH,Gujarat,1773.58
TIMESGTY,Maharashtra,114.26
ARIHANTCAP,Madhya Pradesh,833.94
DCMFINSERV,NCT of Delhi,11.91
SAMBHAAV,Gujarat,94.60
GICHSGFIN,Maharashtra,1358.93
BAIDFIN,Rajasthan,220.09
VIPULLTD,NCT of Delhi,521.69
UGROCAP,Maharashtra,2378.59
MUTHOOTCAP,Kerala,502.55
MASTERTR,Punjab,1631.16
DECNGOLD,Maharashtra,1681.93
SIGIND,Maharashtra,231.82
SECURKLOUD,Tamil Nadu,126.36
MMWL,Maharashtra,1896.21
BHAGYANGR,Telangana,370.98
LLOYDSENT,Maharashtra,4649.62
DONEAR,Maharashtra,668.46
STCINDIA,NCT of Delhi,1038.90
KOHINOOR,Haryana,157.00
KEYFINSERV,Maharashtra,175.95
BHANDARI,Punjab,168.75
ORBTEXP,Maharashtra,458.15
GANDHITUBE,Maharashtra,958.73
ORICONENT,Maharashtra,584.22
PENIND,Telangana,2468.65
SSWL,Punjab,3738.06
MANINDS,Maharashtra,2950.63
AJMERA,Maharashtra,2535.39
SHAHALLOYS,Gujarat,118.23
STEELCAS,Gujarat,1301.94
PITTIENG,Telangana,4024.90
MAHASTEEL,Chhattisgarh,164.43
AROGRANITE,NCT of Delhi,89.17
LOYALTEX,Tamil Nadu,277.52
HIMATSEIDE,Karnataka,1316.37
BSL,Rajasthan,206.98
TTL,NCT of Delhi,246.69
VARDMNPOLY,Punjab,232.25
SANGAMIND,Rajasthan,1972.18
AARVEEDEN,Gujarat,75.42
ASHIMASYN,Gujarat,805.55
PIONEEREMB,Maharashtra,143.77
PREMIERPOL,NCT of Delhi,448.19
KRRAIL,Telangana,1020.44
MANORG,Maharashtra,384.03
JYOTIRES,Gujarat,1682.46
MHLXMIRU,Gujarat,206.94
MURUDCERA,Karnataka,326.94
SAINTGOBAIN,Maharashtra,1250.88
MADHAV,Rajasthan,41.88
SHREYANIND,Punjab,404.10
STARPAPER,West Bengal,395.36
PAKKA,Uttar Pradesh,918.10
ARROWGREEN,Maharashtra,818.22
VISHNU,Telangana,2765.58
NRAIL,Maharashtra,810.11
3PLAND,Maharashtra,66.49
VINDHYATEL,Madhya Pradesh,3142.26
ADORWELD,Maharashtra,1906.71
SALZERELEC,Tamil Nadu,1511.17
SUBROS,NCT of Delhi,4243.26
LUMAXIND,NCT of Delhi,2652.89
GIPCL,Gujarat,3603.56
MINDTECK,Karnataka,933.18
IGARASHI,Tamil Nadu,1561.01
BUTTERFLY,Tamil Nadu,1528.08
ROTO,Uttar Pradesh,2091.75
ONWARDTEC,Maharashtra,1042.35
CENTUM,Karnataka,2097.92
PVP,Tamil Nadu,615.59
APCL,Telangana,563.85
TASTYBITE,Maharashtra,2538.17
AVTNPL,Tamil Nadu,1313.45
NAHARINDUS,Punjab,615.46
VADILALIND,Gujarat,3068.30
ADFFOODS,Gujarat,2400.52
WILLAMAGOR,West Bengal,40.86
ANIKINDS,Maharashtra,194.27
NKIND,Gujarat,33.66
NORBTEAEXP,West Bengal,15.04
HERITGFOOD,Telangana,4912.16
KELLTONTEC,Telangana,1511.19
RICOAUTO,Haryana,1668.74
MUNJALSHOW,Haryana,617.92
JTEKTINDIA,NCT of Delhi,5171.60
MUNJALAU,Gujarat,853.10
JAYBARMARU,NCT of Delhi,1156.65
RACLGEAR,NCT of Delhi,1225.92
ASAL,Maharashtra,1459.84
SHREYAS,Maharashtra,838.12
EUROTEXIND,Maharashtra,13.86
MARALOVER,Madhya Pradesh,284.95
NAGREEKEXP,West Bengal,123.43
SUPERSPIN,Tamil Nadu,45.60
SILINV,Rajasthan,592.84
SURYALAXMI,Telangana,157.21
DAMODARIND,Maharashtra,115.34
KITEX,Kerala,1456.02
UNIDT,NCT of Delhi,481.69
WINDMACHIN,Maharashtra,1022.68
SHANTIGEAR,Tamil Nadu,4918.25
HONDAPOWER,NCT of Delhi,4030.45
KLBRENG-B,West Bengal,1693.72
YUKEN,Karnataka,1756.30
GUJAPOLLO,Gujarat,310.58
MMFL,Tamil Nadu,3059.85
MAYURUNIQ,Rajasthan,2596.06
RAMRAT,Maharashtra,1827.32
JAYNECOIND,Maharashtra,4492.81
CONTROLPR,Maharashtra,1279.54
SINCLAIR,West Bengal,554.63
EIHAHOTELS,Tamil Nadu,2681.04
KOKUYOCMLN,Maharashtra,1538.16
VENKEYS,Maharashtra,2589.11
ADVANIHOTR,Maharashtra,628.58
SUPERHOUSE,Uttar Pradesh,245.86
TCPLPACK,Maharashtra,2213.21
BALMLAWRIE,West Bengal,4657.29
KOVAI,Tamil Nadu,4609.26
ELDEHSG,Uttar Pradesh,943.97
DCMSRIND,NCT of Delhi,1854.24
MAWANASUG,NCT of Delhi,452.00
MAHAPEXLTD,Karnataka,229.09
NILKAMAL,Dadra and Nagar Haveli,2898.48
NAHARPOLY,Punjab,667.32
JCHAC,Gujarat,5323.84
PRECWIRE,Maharashtra,2679.87
PLASTIBLEN,Maharashtra,787.47
APCOTEXIND,Maharashtra,2297.51
ASHIANA,West Bengal,4110.96
DVL,West Bengal,1272.97
MAZDA,Gujarat,569.13
MENONBE,Maharashtra,721.80
GUJRAFFIA,Gujarat,28.85
SIMPLEXINF,West Bengal,826.57
AXTEL,Gujarat,1005.88
HINFLUR,Telangana,37.94
KINGFA,Tamil Nadu,3041.54
RAMAPHO,Maharashtra,337.76
ALBERTDAVD,West Bengal,704.29
CARYSIL,Maharashtra,2149.36
KABRAEXTRU,Maharashtra,1453.12
VINYLINDIA,Maharashtra,736.33
WANBURY,Maharashtra,613.32
KOPRAN,Maharashtra,1170.31
JAYAGROGN,Maharashtra,904.65
BCLIND,Punjab,1480.22
INDOBORAX,Maharashtra,614.36
BODALCHEM,Gujarat,932.73
ORCHPHARMA,Tamil Nadu,6375.65
VIMTALABS,Telangana,1131.03
BIOFILCHEM,Madhya Pradesh,99.21
AAREYDRUGS,Maharashtra,128.40
SYNCOMF,Maharashtra,1420.34
KILITCH,Maharashtra,578.96
KREBSBIO,Andhra Pradesh,258.68
KMCSHIL,Tamil Nadu,1350.51
SUKHJITS,Punjab,749.93
PODDARMENT,Rajasthan,449.12
AKSHARCHEM,Gujarat,242.48
INDOAMIN,Maharashtra,1035.37
INDSWFTLTD,Chandigarh,111.58
BIBCL,Uttar Pradesh,118.01
SOTL,Maharashtra,3997.80
HESTERBIO,Gujarat,2179.76
NACLIND,Telangana,1329.69
NGLFINE,Maharashtra,1642.18
PANAMAPET,Gujarat,2430.63
BALPHARMA,Karnataka,179.93
ANDREWYU,West Bengal,2627.62
HITECHCORP,Maharashtra,410.93
FILATEX,Dadra and Nagar Haveli,2484.70
MOLDTECH,Telangana,739.53
ORIENTLTD,Maharashtra,98.95
GANESHHOUC,Gujarat,7535.27
PATINTLOG,Maharashtra,162.69
ALPHAGEO,Telangana,310.79
HAMPTON,NCT of Delhi,844.83
KRITI,Madhya Pradesh,932.05
SANGHIIND,Telangana,2492.07
TPLPLASTEH,Daman and Diu,746.41
LIBERTSHOE,Haryana,671.38
MIRZAINT,Uttar Pradesh,622.88
TFCILTD,NCT of Delhi,1691.26
ARENTERP,Rajasthan,13.40
KAMATHOTEL,Maharashtra,529.40
SANDESH,Gujarat,1184.35
GOLDIAM,Maharashtra,1828.87
GREENPLY,West Bengal,3792.60
SEAMECLTD,Maharashtra,3748.53
CHEVIOT,West Bengal,833.52
BANARBEADS,Uttar Pradesh,67.13
63MOONS,Tamil Nadu,1515.29
SARLAPOLY,Dadra and Nagar Haveli,886.80
VENUSREM,Chandigarh,506.48
URJA,NCT of Delhi,1072.45
ASHAPURMIN,Maharashtra,3241.35
MANGCHEFER,Karnataka,1472.55
SIL,Maharashtra,170.47
CSLFINANCE,NCT of Delhi,1032.74
SELAN,NCT of Delhi,1097.52
FAZE3Q,Dadra and Nagar Haveli,1190.66
UDAICEMENT,Rajasthan,2287.55
OPTIEMUS,NCT of Delhi,3297.77
THEMISMED,Gujarat,2043.75
SUVEN,Telangana,2753.18
KOTHARIPRO,Uttar Pradesh,486.31
CLSEL,Punjab,1080.97
ASIANENE,Maharashtra,1355.42
UGARSUGAR,Maharashtra,881.10
ORIENTBELL,Uttar Pradesh,561.53
NRBBEARING,Maharashtra,3084.56
NILAINFRA,Gujarat,503.00
DBSTOCKBRO,Gujarat,158.03
TINNARUBR,NCT of Delhi,2699.52
PARACABLES,NCT of Delhi,2213.56
GOODLUCK,NCT of Delhi,2806.75
STERTOOLS,NCT of Delhi,1348.03
BHAGERIA,Maharashtra,731.04
CHEMBOND,Maharashtra,819.00
CIFL,NCT of Delhi,846.91
REMSONSIND,Maharashtra,675.43
VIKASECO,NCT of Delhi,656.19
ALANKIT,NCT of Delhi,644.27
BALUFORGE,Maharashtra,4007.24
MEDICAMEQ,NCT of Delhi,578.83
ALICON,Maharashtra,1975.89
ARMANFIN,Gujarat,2085.62
NUCLEUS,NCT of Delhi,4151.34
LINC,West Bengal,890.40
VSTTILLERS,Karnataka,3455.25
HAVISHA,Telangana,37.31
PANACEABIO,Punjab,807.28
MERCURYEV,Gujarat,1274.65
ALMONDZ,NCT of Delhi,462.47
TNPL,Tamil Nadu,1826.47
GOLDTECH,Telangana,454.24
GRMOVER,NCT of Delhi,1153.80
CORALFINAC,Maharashtra,226.22
COUNCODOS,Telangana,49.74
LINCOLN,Gujarat,1241.44
PRAVEG,Gujarat,1915.87
VIDHIING,Maharashtra,2164.87
BHAGCHEM,Telangana,3410.76
GATECH,Telangana,84.39
PRAENG,Telangana,222.47
ASTAR,Maharashtra,1297.27
KHANDSE,Maharashtra,42.10
AGARIND,Maharashtra,1749.31
AMBIKCO,Tamil Nadu,930.26
FILATFASH,Telangana,1158.44
SINDHUTRAD,Karnataka,2857.19
SWELECTES,Tamil Nadu,1765.01
KDDL,Himachal Pradesh,4149.10
ACL,Andhra Pradesh,872.50
SKMEGGPROD,Tamil Nadu,688.27
INDRAMEDCO,NCT of Delhi,2157.98
GUJSTATFIN,Gujarat,209.06
ADROITINFO,Telangana,99.36
CYBERTECH,Maharashtra,644.87
DHANBANK,Kerala,1037.35
ITDC,NCT of Delhi,6506.47
ARCHIES,Haryana,85.46
HBSL,Haryana,90.65
ENERGYDEV,Karnataka,115.76
INDNIPPON,Tamil Nadu,1755.42
NSIL,NCT of Delhi,2215.74
ACCELYA,Maharashtra,2716.65
GEOJITFSL,Kerala,2701.14
INDSWFTLAB,Chandigarh,782.90
SHIVACEM,Odisha,1401.25
CINEVISTA,Maharashtra,100.51
INTENTECH,Telangana,395.31
AMBICAAGAR,Andhra Pradesh,44.23
COMPUSOFT,Rajasthan,252.80
IZMO,Karnataka,659.79
ACLGATI,Maharashtra,1390.77
AKSHOPTFBR,Rajasthan,138.78
MUKTAARTS,Maharashtra,155.84
DSSL,Maharashtra,1637.39
PNBGILTS,NCT of Delhi,2251.93
RAMCOIND,Tamil Nadu,2081.68
RAMCOSYS,Tamil Nadu,1324.27
VIRINCHI,Telangana,313.58
TIPSINDLTD,Maharashtra,7091.46
BALAJITELE,Maharashtra,681.77
CALSOFT,Tamil Nadu,26.43
PNC,Maharashtra,102.28
TAJGVK,Telangana,1991.09
AXISCADES,Karnataka,2252.62
AVANTEL,Andhra Pradesh,4377.64
MEGASOFT,Tamil Nadu,495.59
CEREBRAINT,Karnataka,88.47
NEXTMEDIA,Maharashtra,46.83
BFUTILITIE,Maharashtra,2968.59
MPSLTD,Tamil Nadu,3502.42
GULPOLY,Uttar Pradesh,1219.97
PONNIERODE,Tamil Nadu,462.29
ISMTLTD,Maharashtra,4295.67
BLIL,West Bengal,2051.03
POKARNA,Telangana,2162.53
TVSELECT,Tamil Nadu,642.60
TVTODAY,NCT of Delhi,1403.70
NDTV,NCT of Delhi,1392.26
GULFPETRO,Maharashtra,362.29
VIPCLOTHNG,Maharashtra,384.07
XCHANGING,Karnataka,1486.13
JINDALPHOT,Uttar Pradesh,889.04
POCL,Tamil Nadu,1166.33
3IINFOLTD,Maharashtra,637.28
MBECL,West Bengal,77.64
ALLSEC,Tamil Nadu,1685.44
MANGALAM,Maharashtra,169.68
CYBERMEDIA,NCT of Delhi,41.97
NDL,Gujarat,726.65
JSWHL,Maharashtra,7614.34
NECLIFE,Punjab,628.60
MSPL,West Bengal,1005.16
SPLIL,NCT of Delhi,177.16
MCLEODRUSS,West Bengal,294.04
RML,Tamil Nadu,1379.38
HTMEDIA,NCT of Delhi,629.82
SASKEN,Karnataka,2576.29
FCSSOFT,NCT of Delhi,661.60
AURIONPRO,Maharashtra,7898.85
BASML,Tamil Nadu,310.14
PBAINFRA,Maharashtra,17.52
EKC,Maharashtra,1636.55
KERNEX,Telangana,865.79
REPRO,Maharashtra,882.86
ASMS,Telangana,645.09
CELEBRITY,Tamil Nadu,98.23
NITINSPIN,Rajasthan,2219.28
ROHLTD,Karnataka,955.36
ENIL,Maharashtra,1122.16
JAGRAN,Uttar Pradesh,2130.84
GVKPIL,Telangana,1375.49
SADBHAV,Gujarat,489.49
SAKUMA,Maharashtra,943.45
GILLANDERS,West Bengal,190.61
BLKASHYAP,NCT of Delhi,2289.34
NITCO,Maharashtra,523.49
MALUPAPER,Maharashtra,67.38
UTTAMSUGAR,Uttarakhand,1258.37
SGL,NCT of Delhi,44.97
KKCL,Maharashtra,4140.60
RSYSTEMS,NCT of Delhi,5753.10
LOKESHMACH,Telangana,767.25
KAMDHENU,Haryana,1396.74
PAUSHAKLTD,Gujarat,1697.94
DEEPENR,Gujarat,561.44
HOVS,Maharashtra,87.62
GEECEE,Maharashtra,780.84
FIEMIND,NCT of Delhi,3467.75
INSPIRISYS,Tamil Nadu,582.37
GTLINFRA,Maharashtra,3406.74
SHIVAMAUTO,Haryana,460.41
PARSVNATH,NCT of Delhi,508.73
SUTLEJTEX,Rajasthan,1090.28
RUCHIRA,Himachal Pradesh,418.58
ZEEMEDIA,Maharashtra,841.83
AUTOIND,Maharashtra,498.73
TIIL,Maharashtra,6235.36
CINELINE,Maharashtra,460.88
PGIL,NCT of Delhi,3670.45
SMSPHARMA,Telangana,2046.89
ORIENTALTL,NCT of Delhi,32.93
AMDIND,NCT of Delhi,137.18
SAHYADRI,Maharashtra,428.82
SRHHYPOLTD,Andhra Pradesh,981.91
TGBHOTELS,Gujarat,45.98
HILTON,Maharashtra,181.21
INSECTICID,NCT of Delhi,2154.28
ASAHISONG,Gujarat,475.03
NELCAST,Andhra Pradesh,1257.60
ADSL,Maharashtra,1230.64
ALPA,Madhya Pradesh,189.15
REFEX,Tamil Nadu,2666.46
SELMC,Punjab,193.27
ASIANTILES,Gujarat,926.00
TAKE,Tamil Nadu,299.12
MAGNUM,NCT of Delhi,300.19
MAANALU,NCT of Delhi,736.37
BVCL,Assam,140.63
RGL,Maharashtra,943.53
KOLTEPATIL,Maharashtra,3176.60
MANAKSIA,West Bengal,638.24
PPAP,NCT of Delhi,290.39
ARIES,Maharashtra,346.31
KUANTUM,Punjab,1424.58
ONMOBILE,Karnataka,918.51
SEPC,Tamil Nadu,2759.77
BANG,Maharashtra,64.84
NAHARCAP,Punjab,528.34
BIRLAMONEY,Gujarat,1001.63
RPGLIFE,Maharashtra,2927.90
NIRAJ,Maharashtra,187.73
RBL,Tamil Nadu,732.25
RANEENGINE,Tamil Nadu,295.27
LOTUSEYE,Tamil Nadu,136.51
20MICRONS,Gujarat,783.01
ALKALI,Telangana,135.17
IMFA,Odisha,3785.69
BENGALASM,West Bengal,10095.42
EXPLEOSOL,Tamil Nadu,1947.42
DEN,Maharashtra,2492.06
ASTEC,Maharashtra,2503.54
DLINKINDIA,Goa,2073.31
DBCORP,Gujarat,6354.88
VASCONEQ,Maharashtra,1645.87
THANGAMAYL,Tamil Nadu,4829.43
EMMBI,Dadra and Nagar Haveli,187.87
HATHWAY,Maharashtra,4074.78
TEXMOPIPES,Madhya Pradesh,206.29
ROSSELLIND,West Bengal,2137.58
ISFT,Maharashtra,206.67
KCPSUGIND,Tamil Nadu,561.37
KECL,Karnataka,1579.99
EMAMIPAP,West Bengal,840.33
KRITINUT,Madhya Pradesh,570.18
HMVL,Bihar,715.13
EMAMIREAL,West Bengal,350.25
AHLEAST,West Bengal,222.54
WELINV,Gujarat,296.01
SASTASUNDR,West Bengal,999.96
CAREERP,Punjab,804.86
EROSMEDIA,Maharashtra,179.65
RAMKY,Telangana,4500.28
GREENPOWER,Tamil Nadu,1998.72
CANTABIL,NCT of Delhi,2310.50
BEDMUTHA,Maharashtra,671.09
SHAH,Gujarat,189.12
RPPINFRA,Tamil Nadu,597.38
PSB,NCT of Delhi,44225.06
FMNL,Maharashtra,38.27
SURANASOL,Telangana,213.51
BFINVEST,Maharashtra,2337.46
SUMMITSEC,Maharashtra,1996.61
STEL,Kerala,765.16
JUBLINDS,Uttar Pradesh,2212.83
INDTERRAIN,Tamil Nadu,311.37
DHUNINV,West Bengal,778.64
LOVABLE,Maharashtra,202.17
PFS,NCT of Delhi,3281.43
KARMAENG,Maharashtra,106.37
RUSHIL,Gujarat,894.59
ENKEIWHEL,Maharashtra,1231.28
INVENTURE,Maharashtra,328.65
YAARI,Haryana,99.44
TREEHOUSE,Maharashtra,100.95
RUPA,West Bengal,2197.26
VASWANI,Chhattisgarh,129.90
FLEXITUFF,Madhya Pradesh,136.91
INDOTHAI,Madhya Pradesh,281.70
HEXATRADEX,Uttar Pradesh,985.84
TBZ,Maharashtra,947.57
VSSL,Punjab,2352.76
SPECIALITY,West Bengal,804.67
LYPSAGEMS,Gujarat,17.07
NECCLTD,NCT of Delhi,335.31
WAAREERTL,Maharashtra,19370.72
PROZONER,Maharashtra,457.50
SRGHFL,Rajasthan,521.98
ZUARI,Goa,879.01
STEELXIND,Telangana,1218.46
PCJEWELLER,NCT of Delhi,3126.12
GCMSECU,Maharashtra,18.43
NIBL,Maharashtra,89.00
SREEL,West Bengal,665.67
SHARDAMOTR,NCT of Delhi,7417.74
MMLF,Maharashtra,180.54
JPOLYINVST,Uttar Pradesh,958.69
SUYOG,Maharashtra,1359.42
AGRITECH,Maharashtra,114.32
RACE,NCT of Delhi,697.55
INCREDIBLE,West Bengal,196.59
MONEYBOXX,NCT of Delhi,1051.20
BRPL,Gujarat,114.40
SKIPPER,West Bengal,3937.56
GULFOILLUB,Maharashtra,5702.55
SNOWMAN,Maharashtra,1234.45
SHEMAROO,Maharashtra,454.00
PDSL,Maharashtra,6823.77
CAPPIPES,Gujarat,264.54
MONTECARLO,Punjab,1310.06
MCLOUD,Telangana,7244.16
DTIL,West Bengal,223.81
GENUSPAPER,Uttar Pradesh,582.90
WARDINMOBI,Maharashtra,1446.07
BEEKAY,West Bengal,1365.85
AGIIL,Punjab,1075.07
MANAKSTEEL,West Bengal,371.51
MANAKALUCO,West Bengal,222.82
IMAGICAA,Maharashtra,4004.49
URSUGAR,Maharashtra,74.24
UFO,Maharashtra,490.18
SHIVALIK,Uttarakhand,986.53
AIIL,Maharashtra,17405.73
SGFIN,NCT of Delhi,2238.20
SATIA,Punjab,1269.00
GARMNTMNTR,Tamil Nadu,65.65
SPORTKING,Punjab,1266.72
BALKRISHNA,Maharashtra,75.72
SHYAMCENT,Meghalaya,376.36
ORTINLAB,Telangana,15.24
AURUM,Maharashtra,446.95
OSWALGREEN,Punjab,868.79
ARVSMART,Gujarat,3191.43
RAMASTEEL,NCT of Delhi,1539.27
UNIAUTO,Rajasthan,228.11
VETO,Maharashtra,265.60
NAVKARCORP,Maharashtra,1859.66
SHREEPUSHK,Maharashtra,707.31
SADBHIN,Gujarat,207.81
PRITIKAUTO,Punjab,414.24
VISHALBL,Gujarat,143.41
MALLCOM,West Bengal,850.20
SATIN,NCT of Delhi,2358.56
COFFEEDAY,Karnataka,1067.67
SHK,Maharashtra,2638.30
LUXIND,West Bengal,5483.12
REMLIFE,Maharashtra,814.06
MISHTANN,Gujarat,1829.10
PRECAM,Maharashtra,1726.84
QUICKHEAL,Maharashtra,3187.43
GOKULAGRO,Gujarat,2460.29
RELICAB,Daman and Diu,119.07
PDMJEPAPER,Maharashtra,1146.52
HCG,Karnataka,4883.79
BHARATWIRE,Maharashtra,1663.61
CHDCHEM,Chandigarh,6.92
RPEL,Rajasthan,2042.67
LANCER,Maharashtra,1226.23
NINSYS,Gujarat,874.93
THYROCARE,Maharashtra,3391.35
BAJAJHCARE,Maharashtra,963.18
PILANIINVS,West Bengal,5562.70
PARAGMILK,Maharashtra,2322.46
NAGAFERT,Telangana,682.39
ZEAL,Gujarat,153.30
COMSYN,Madhya Pradesh,295.73
KPL,Punjab,514.66
ADVENZYMES,Maharashtra,4183.90
SPAL,Tamil Nadu,2123.71
BIGBLOC,Gujarat,1913.75
MITSU,Maharashtra,199.65
SPRAYKING,Gujarat,200.21
GNA,Punjab,1776.91
RADHIKAJWE,Gujarat,690.30
HPL,NCT of Delhi,3784.08
VALIANTORG,Maharashtra,1034.20
SHASHIJIT,Gujarat,36.77
AVL,Bihar,5914.38
VSL,Gujarat,66.79
TRU,Maharashtra,555.27
JITFINFRA,Chhattisgarh,1999.75
RADIOCITY,Maharashtra,518.53
SMLT,Chhattisgarh,257.44
CHEMCRUX,Gujarat,346.45
MANOMAY,Rajasthan,414.94
MAXIMUS,Gujarat,232.89
CLEDUCATE,NCT of Delhi,530.16
SHANKARA,Karnataka,1613.91
STARLENT,Gujarat,574.74
SCHAND,NCT of Delhi,808.06
MEERA,Gujarat,51.04
PSPPROJECT,Gujarat,2656.00
BGJL,Gujarat,24.88
RIDDHICORP,Gujarat,88.99
GTPL,Gujarat,1852.27
GGENG,Maharashtra,295.29
7NR,Gujarat,18.57
SALASAR,NCT of Delhi,2990.39
GANGESSECU,Uttar Pradesh,165.06
PALASHSECU,Uttar Pradesh,136.04
AVADHSUGAR,Uttar Pradesh,1257.46
MAGADSUGAR,Uttar Pradesh,1099.50
GSTL,Maharashtra,67.12
SMSLIFE,Telangana,256.99
APEX,Andhra Pradesh,762.66
SHISHIND,Gujarat,476.88
ANG,Punjab,64.63
LASA,Maharashtra,120.24
MATRIMONY,Tamil Nadu,1275.52
CAPACITE,Maharashtra,2334.23
PQIF,Maharashtra,1435.67
DIAMONDYD,Madhya Pradesh,2148.61
TTFL,Gujarat,39.74
SGRL,Gujarat,1012.61
STL,Maharashtra,173.66
SCPL,Gujarat,466.15
IFGLEXPOR,West Bengal,2269.94
KHADIM,West Bengal,640.04
5PAISA,Maharashtra,1487.61
DNAMEDIA,Maharashtra,60.38
DYCL,Rajasthan,1257.33
SHALBY,Gujarat,3066.94
MRCAGRO,Maharashtra,25.47
APOLLO,Telangana,3595.12
ASHOKAMET,Gujarat,48.92
GGL,Gujarat,33.66
LAL,NCT of Delhi,382.16
KENVI,Gujarat,68.88
TDSL,Uttar Pradesh,21.12
SHIVAMILLS,Tamil Nadu,76.23
ACTIVE,Punjab,148.92
GOYALALUM,NCT of Delhi,131.31
SANDHAR,NCT of Delhi,3469.09
YASHO,Maharashtra,2137.18
OBCL,Madhya Pradesh,120.51
CHEMFAB,Tamil Nadu,979.29
HARDWYN,NCT of Delhi,1039.67
AKSHAR,Gujarat,66.90
INDOSTAR,Maharashtra,2907.42
MEGASTAR,Chandigarh,324.00
ZIMLAB,Maharashtra,535.74
DOLLAR,West Bengal,2911.24
NGIL,Maharashtra,72.40
PALMJEWELS,Gujarat,20.88
RAJNISH,Maharashtra,357.34
RAWEDGE,Maharashtra,37.46
DEEP,Gujarat,188.60
SGIL,Maharashtra,478.87
MANORAMA,Maharashtra,3833.71
AAL,Gujarat,395.31
SHUBHAM,Gujarat,26.67
AKI,Uttar Pradesh,199.06
SMGOLD,Gujarat,16.91
SRD,Rajasthan,734.02
DECCAN,Telangana,73.13
AXITA,Gujarat,554.63
RPSGVENT,West Bengal,2369.32
SPENCERS,West Bengal,706.45
GLOSTERLTD,West Bengal,894.28
XELPMOC,Karnataka,166.20
RITCO,NCT of Delhi,727.93
KRANTI,Maharashtra,76.45
ANUP,Gujarat,3524.16
VIKASLIFE,NCT of Delhi,843.12
GKP,Maharashtra,21.43
WORL,Maharashtra,17.18
BMW,West Bengal,1432.90
AEPL,Maharashtra,749.09
PPL,Punjab,1125.36
PARSHVA,Maharashtra,175.52
ARL,Gujarat,67.85
MURAE,Gujarat,37.56
SBC,Uttar Pradesh,917.14
ALPHALOGIC,Maharashtra,1574.45
IIFLSEC,Maharashtra,5686.51
MUFIN,Rajasthan,1784.78
GALACTICO,Maharashtra,58.86
GENSOL,Gujarat,3565.54
VISHWARAJ,Karnataka,302.51
ANUROOP,Maharashtra,31.43
GIANLIFE,Uttar Pradesh,25.33
ARTEMISMED,NCT of Delhi,3013.48
UNIVPHOTO,Uttar Pradesh,422.05
AARTISURF,Madhya Pradesh,585.41
BONLON,NCT of Delhi,49.23
NDRAUTO,NCT of Delhi,1188.02
SBGLP,Maharashtra,2076.66
MAXIND,Maharashtra,1292.75
ADVAIT,Gujarat,2184.18
ADL,Karnataka,50.74
CHEMCON,Gujarat,926.02
SECMARK,Maharashtra,101.74
ATAM,Punjab,207.59
LIKHITHA,Telangana,1686.49
HEMIPROP,NCT of Delhi,6144.60
RVHL,Punjab,274.37
FAIRCHEMOR,Gujarat,1770.91
AWHCL,Maharashtra,1695.97
STOVEKRAFT,Karnataka,1951.54
SMCGLOBAL,NCT of Delhi,1727.00
NURECA,Maharashtra,269.50
HERANBA,Gujarat,1426.48
DAVANGERE,Karnataka,766.79
SUVIDHAA,Gujarat,112.25
EKI,Madhya Pradesh,908.15
DEEPINDS,Gujarat,1901.12
IWEL,Himachal Pradesh,9051.10
VINEETLAB,Telangana,53.56
DODLA,Telangana,6900.86
IPL,Uttar Pradesh,2413.25
TATVA,Gujarat,2543.77
EXXARO,Gujarat,401.55
KRSNAA,Maharashtra,2109.65
WINDLAS,Uttarakhand,1450.32
SAMOR,Gujarat,184.90
FINOPB,Maharashtra,2464.81
SJS,Karnataka,2424.99
SIGACHI,Telangana,1941.27
TARSONS,West Bengal,2547.78
HITECH,NCT of Delhi,2186.84
SHRIRAMPPS,Tamil Nadu,1720.56
JETFREIGHT,Maharashtra,59.77
HPAL,Maharashtra,888.15
SUPRIYA,Maharashtra,3136.82
BCONCEPTS,Madhya Pradesh,647.15
WEL,NCT of Delhi,1593.69
AGSTRA,Maharashtra,963.09
DEVIT,Gujarat,318.95
SOFTTECH,Maharashtra,442.97
GMRPandUI,Maharashtra,5815.03
AVROIND,Uttar Pradesh,113.03
UMAEXPORTS,West Bengal,285.56
HARIOMPIPE,Telangana,1920.40
SILVERTUC,Gujarat,937.70
PRUDENT,Gujarat,8426.88
ETHOSLTD,Himachal Pradesh,6963.22
EMUDHRA,Karnataka,6577.21
DDEVPLASTIK,West Bengal,4153.55
RHETAN,Gujarat,1031.16
DBOL,Uttar Pradesh,898.22
KSOLVES,NCT of Delhi,1428.65
HARSHA,Gujarat,4668.74
TIPSFILMS,Maharashtra,246.40
EMIL,Telangana,8399.07
DCI,Maharashtra,467.55
TRACXN,Karnataka,970.94
INFOBEAN,Madhya Pradesh,1087.95
HPIL,Gujarat,172.00
INOXGREEN,Gujarat,4677.14
BBTCL,Karnataka,504.68
RUSTOMJEE,Maharashtra,9095.41
VINNY,Gujarat,95.38
AAATECH,Maharashtra,137.18
SIRCA,,1968.46
DHARMAJ,Gujarat,1040.96
SARVESHWAR,Jammu and Kashmir,895.62
UNIPARTS,NCT of Delhi,2261.43
AHL,Maharashtra,2615.86
LANDMARK,Gujarat,2623.02
IEL,Haryana,215.20
ELIN,West Bengal,926.39
RADIANTCMS,Tamil Nadu,853.56
SAH,Rajasthan,197.78
KAMOPAINTS,Haryana,1191.41
AIRAN,Gujarat,365.68
DIVGIITTS,Maharashtra,2086.67
GSLSU,Rajasthan,906.76
AVALON,Tamil Nadu,3386.83
BLAL,Karnataka,1286.82
RHL,Tamil Nadu,280.56
MANKIND,NCT of Delhi,85649.78
AVG,NCT of Delhi,646.22
PAVNAIND,Uttar Pradesh,583.83
SIGMA,Gujarat,434.74
GHCLTEXTIL,Gujarat,852.15
IKIO,NCT of Delhi,2347.79
HMAAGRO,Uttar Pradesh,2623.03
URAVI,,677.60
IDEAFORGE,Maharashtra,3416.19
CYIENTDLM,Telangana,6111.33
SENCO,West Bengal,7440.17
JIOFIN,Maharashtra,213502.12
UTKARSHBNK,Uttar Pradesh,5449.49
NETWEB,Haryana,13463.83
YATHARTH,,3746.50
NIITMTS,Haryana,6598.21
ATL,Maharashtra,1251.57
TREL,Maharashtra,1164.35
REDTAPE,Uttar Pradesh,9806.12
VLEGOV,Maharashtra,927.39
SBFC,Maharashtra,8604.23
CONCORDBIO,Gujarat,17541.52
DPWIRES,Madhya Pradesh,692.87
TVSSCS,Tamil Nadu,8267.89
PYRAMID,Maharashtra,639.69
AEROFLEX,Maharashtra,1941.75
VPRPL,Maharashtra,2500.98
RISHABH,Maharashtra,1639.40
RATNAVEER,Gujarat,890.93
JLHL,Maharashtra,8688.15
RRKABEL,Maharashtra,19606.77
EMSLIMITED,NCT of Delhi,3519.26
SAMHI,NCT of Delhi,3816.81
ZAGGLE,Telangana,3758.38
SOUTHWEST,Haryana,290.32
NUVAMA,Maharashtra,16848.15
KALAMANDIR,Telangana,2591.89
SIGNATURE,NCT of Delhi,20719.71
YATRA,Maharashtra,1930.85
JSWINFRA,Maharashtra,66360.05
MVGJL,,1091.74
UDS,Tamil Nadu,2073.06
VALIANTLAB,Maharashtra,582.01
PLAZACABLE,,371.46
IRMENERGY,Gujarat,1863.29
MAXESTATES,Punjab,8018.31
BLUEJET,Maharashtra,7086.06
CELLO,Daman and Diu,21135.38
HONASA,NCT of Delhi,15236.23
ESAFSFB,Kerala,2630.53
PROTEAN,Maharashtra,5922.79
ASKAUTOLTD,NCT of Delhi,7435.23
IREDA,NCT of Delhi,72690.60
FEDFINA,Maharashtra,4779.46
TATATECH,Maharashtra,40514.12
GANDHAR,Maharashtra,2007.31
FLAIR,Maharashtra,3259.35
BAJEL,Maharashtra,3158.01
INDIASHLTR,Haryana,7869.18
DOMS,Gujarat,13679.21
INOXINDIA,Gujarat,11649.04
MOTISONS,Rajasthan,1479.15
MUTHOOTMF,Maharashtra,4062.83
HAPPYFORGE,Punjab,11463.79
MUFTI,Maharashtra,1064.61
AZAD,Telangana,9587.24
SUNCLAY,Tamil Nadu,3305.42
INNOVACAP,Maharashtra,3166.26
JYOTICNC,Gujarat,26586.90
MEDIASSIST,Karnataka,3915.85
EPACK,Uttar Pradesh,2534.35
NOVAAGRI,,649.03
BLSE,NCT of Delhi,2044.27
PARKHOTELS,West Bengal,3832.20
JGTL,NCT of Delhi,353.56
SIGNPOST,Maharashtra,1333.58
JSFB,Karnataka,7066.64
RPTECH,Maharashtra,2731.21
CAPITALSFB,Punjab,1567.48
ENTERO,Haryana,4808.89
JUNIPER,Maharashtra,9226.06
GPTHEALTH,West Bengal,1396.57
PLATIND,Maharashtra,1382.46
MUKKA,Karnataka,1446.60
RKSWAMY,Tamil Nadu,1367.93
JGCHEM,West Bengal,972.01
GOPAL,Gujarat,4126.27
SCILAL,Maharashtra,4378.04
PVSL,Kerala,1694.87
KRYSTAL,Maharashtra,1014.85
SRM,Jammu and Kashmir,473.80
DPABHUSHAN,Madhya Pradesh,3053.48
BHARTIHEXA,NCT of Delhi,56677.50
INDGN,Karnataka,14008.00
TBOTEK,NCT of Delhi,18792.20
AADHARHFC,Karnataka,19150.68
GODIGIT,Maharashtra,31753.55
AWFIS,NCT of Delhi,4619.88
BOROSCI,Maharashtra,1607.21
TOTEM,Maharashtra,1869.78
KRONOX,Gujarat,545.24
PURPLEFIN,Maharashtra,287.74
IXIGO,Haryana,6700.48
RETAIL,Haryana,34.25
DEEDEV,Haryana,2424.49
AFIL,Rajasthan,403.71
STANLEY,Karnataka,3210.07
ABDL,Maharashtra,8571.72
VRAJ,Chhattisgarh,786.14
RELIABLE,NCT of Delhi,66.98
BANSALWIRE,NCT of Delhi,5445.02
EMCURE,Maharashtra,25549.08
JISLDVREQS,Maharashtra,80.03
KARURVYSYA,Tamil Nadu,16906.91
TIDEWATER,West Bengal,3957.25
AMRUTANJAN,Tamil Nadu,2148.74
XPROINDIA,West Bengal,2067.43
HISARMETAL,Haryana,108.86
BHARATRAS,NCT of Delhi,4559.87
FACT,Kerala,66263.41
GINNIFILA,Uttar Pradesh,211.95
SPIC,Tamil Nadu,1685.73
DENORA,Goa,979.52
SAKSOFT,Tamil Nadu,2984.50
SALONA,Tamil Nadu,157.86
ANDHRSUGAR,Andhra Pradesh,1556.62
IMPAL,Tamil Nadu,1385.28
KCP,Tamil Nadu,3081.22
KHAITANLTD,West Bengal,36.27
SUNDARMFIN,Tamil Nadu,46563.63
SUNDRMBRAK,Tamil Nadu,288.03
WHEELS,Tamil Nadu,1999.23
LAMBODHARA,Tamil Nadu,138.88
MAITHANALL,West Bengal,3416.09
ORISSAMINE,West Bengal,4245.63
MADRASFERT,Tamil Nadu,1858.30
AURUMPP,,467.93
SKIPPERPP,,204.83
NGILPP,,8.02